01001,Aguascalientes,Aguascalientes
01003,Aguascalientes,Calvillo
01004,Aguascalientes,Cosio
01010,Aguascalientes,El Llano
01005,Aguascalientes,Jesus Maria
01999,Aguascalientes,No especificado
01006,Aguascalientes,Pabellon de Arteaga
01007,Aguascalientes,Rincon de Romos
01011,Aguascalientes,San Francisco de los Romo
01009,Aguascalientes,Tepezala
02001,Baja California,Ensenada
02002,Baja California,Mexicali
02999,Baja California,No especificado
02005,Baja California,Playas de Rosarito
02003,Baja California,Tecate
02004,Baja California,Tijuana
03003,Baja California Sur,La Paz
03008,Baja California Sur,Los Cabos
03002,Baja California Sur,Mulege
04010,Campeche,Calakmul
04002,Campeche,Campeche
04003,Campeche,Carmen
04009,Campeche,Escarcega
39999,Campeche,No especificado
07003,Chiapas,Acapetahua
07006,Chiapas,Amatenango de la Frontera
07008,Chiapas,angel Albino Corzo
07009,Chiapas,Arriaga
07114,Chiapas,Benemerito de las Americas
07012,Chiapas,Berriozabal
07023,Chiapas,Chamula
07027,Chiapas,Chiapa de Corzo
07017,Chiapas,Cintalapa
07019,Chiapas,Comitan de Dominguez
07014,Chiapas,El Bosque
07032,Chiapas,Escuintla
07033,Chiapas,Francisco Leon
07034,Chiapas,Frontera Comalapa
07035,Chiapas,Frontera Hidalgo
07039,Chiapas,Huitiupan
07040,Chiapas,Huixtla
07046,Chiapas,Jiquipilas
07048,Chiapas,Juarez
07099,Chiapas,La Trinitaria
07052,Chiapas,Las Margaritas
07075,Chiapas,Las Rosas
07051,Chiapas,Mapastepec
07116,Chiapas,Marques de Comillas
07057,Chiapas,Motozintla
07059,Chiapas,Ocosingo
07061,Chiapas,Ocozocoautla de Espinosa
07062,Chiapas,Ostuacan
07065,Chiapas,Palenque
07069,Chiapas,Pijijiapan
07072,Chiapas,Pueblo Nuevo Solistahuacan
07074,Chiapas,Reforma
07077,Chiapas,Salto de Agua
07078,Chiapas,San Cristobal de las Casas
07081,Chiapas,Simojovel
07083,Chiapas,Socoltenango
07087,Chiapas,Suchiate
07089,Chiapas,Tapachula
07097,Chiapas,Tonala
07102,Chiapas,Tuxtla Chico
07101,Chiapas,Tuxtla Gutierrez
07103,Chiapas,Tuzantan
07105,Chiapas,Union Juarez
07106,Chiapas,Venustiano Carranza
07071,Chiapas,Villa Comaltitlan
07107,Chiapas,Villa Corzo
07109,Chiapas,Yajalon
08001,Chihuahua,Ahumada
08002,Chihuahua,Aldama
08003,Chihuahua,Allende
08004,Chihuahua,Aquiles Serdan
08005,Chihuahua,Ascension
08006,Chihuahua,Bachiniva
08007,Chihuahua,Balleza
08008,Chihuahua,Batopilas
08009,Chihuahua,Bocoyna
08010,Chihuahua,Buenaventura
08011,Chihuahua,Camargo
08012,Chihuahua,Carichi
08013,Chihuahua,Casas Grandes
08019,Chihuahua,Chihuahua
08020,Chihuahua,Chinipas
08014,Chihuahua,Coronado
08017,Chihuahua,Cuauhtemoc
08018,Chihuahua,Cusihuiriachi
08021,Chihuahua,Delicias
08022,Chihuahua,Doctor Belisario Dominguez
08023,Chihuahua,Galeana
08025,Chihuahua,Gomez Farias
08026,Chihuahua,Gran Morelos
08027,Chihuahua,Guachochi
08028,Chihuahua,Guadalupe
08029,Chihuahua,Guadalupe y Calvo
08030,Chihuahua,Guazapares
08031,Chihuahua,Guerrero
08032,Chihuahua,Hidalgo del Parral
08033,Chihuahua,Huejotitan
08034,Chihuahua,Ignacio Zaragoza
08035,Chihuahua,Janos
08036,Chihuahua,Jimenez
08037,Chihuahua,Juarez
08038,Chihuahua,Julimes
08016,Chihuahua,La Cruz
08039,Chihuahua,Lopez
08040,Chihuahua,Madera
08041,Chihuahua,Maguarichi
08043,Chihuahua,Matachi
08044,Chihuahua,Matamoros
08045,Chihuahua,Meoqui
08046,Chihuahua,Morelos
08047,Chihuahua,Moris
08048,Chihuahua,Namiquipa
08999,Chihuahua,No especificado
08050,Chihuahua,Nuevo Casas Grandes
08051,Chihuahua,Ocampo
08052,Chihuahua,Ojinaga
08053,Chihuahua,Praxedis G. Guerrero
08054,Chihuahua,Riva Palacio
08055,Chihuahua,Rosales
08057,Chihuahua,San Francisco de Borja
08058,Chihuahua,San Francisco de Conchos
08059,Chihuahua,San Francisco del Oro
08060,Chihuahua,Santa Barbara
08024,Chihuahua,Santa Isabel
08061,Chihuahua,Satevo
08062,Chihuahua,Saucillo
08063,Chihuahua,Temosachic
08065,Chihuahua,Urique
08066,Chihuahua,Uruachi
08067,Chihuahua,Valle de Zaragoza
05002,Coahuila,Acuña
05003,Coahuila,Allende
05004,Coahuila,Arteaga
05009,Coahuila,Francisco I. Madero
05010,Coahuila,Frontera
05011,Coahuila,General Cepeda
05017,Coahuila,Matamoros
05018,Coahuila,Monclova
05022,Coahuila,Nava
05024,Coahuila,Parras
05025,Coahuila,Piedras Negras
05027,Coahuila,Ramos Arizpe
05030,Coahuila,Saltillo
05032,Coahuila,San Juan de Sabinas
05033,Coahuila,San Pedro
05035,Coahuila,Torreon
05036,Coahuila,Viesca
05037,Coahuila,Villa Union
06001,Colima,Armeria
06002,Colima,Colima
06003,Colima,Comala
06004,Colima,Coquimatlan
06005,Colima,Cuauhtemoc
06006,Colima,Ixtlahuacan
06007,Colima,Manzanillo
06009,Colima,Tecoman
06010,Colima,Villa de alvarez
09010,Distrito Federal,alvaro Obregon
09002,Distrito Federal,Azcapotzalco
09014,Distrito Federal,Benito Juarez
09003,Distrito Federal,Coyoacan
09004,Distrito Federal,Cuajimalpa de Morelos
09015,Distrito Federal,Cuauhtemoc
09005,Distrito Federal,Gustavo A. Madero
09006,Distrito Federal,Iztacalco
09007,Distrito Federal,Iztapalapa
09008,Distrito Federal,La Magdalena Contreras
09016,Distrito Federal,Miguel Hidalgo
09009,Distrito Federal,Milpa Alta
09999,Distrito Federal,No especificado
09011,Distrito Federal,Tlahuac
09012,Distrito Federal,Tlalpan
09017,Distrito Federal,Venustiano Carranza
09013,Distrito Federal,Xochimilco
10001,Durango,Canatlan
10002,Durango,Canelas
10004,Durango,Cuencame
10005,Durango,Durango
10018,Durango,El Oro
10006,Durango,General Simon Bolivar
10007,Durango,Gomez Palacio
10008,Durango,Guadalupe Victoria
10009,Durango,Guanacevi
10011,Durango,Inde
10012,Durango,Lerdo
10013,Durango,Mapimi
10014,Durango,Mezquital
10015,Durango,Nazas
10999,Durango,No especificado
10016,Durango,Nombre de Dios
10039,Durango,Nuevo Ideal
10017,Durango,Ocampo
10019,Durango,Otaez
10020,Durango,Panuco de Coronado
10021,Durango,Peñon Blanco
10022,Durango,Poanas
10023,Durango,Pueblo Nuevo
10024,Durango,Rodeo
10025,Durango,San Bernardo
10026,Durango,San Dimas
10028,Durango,San Juan del Rio
10030,Durango,San Pedro del Gallo
10032,Durango,Santiago Papasquiaro
10033,Durango,Suchil
10034,Durango,Tamazula
10035,Durango,Tepehuanes
10036,Durango,Tlahualilo
10037,Durango,Topia
10038,Durango,Vicente Guerrero
11001,Guanajuato,Abasolo
11002,Guanajuato,Acambaro
11004,Guanajuato,Apaseo el Alto
11005,Guanajuato,Apaseo el Grande
11007,Guanajuato,Celaya
11009,Guanajuato,Comonfort
11010,Guanajuato,Coroneo
11011,Guanajuato,Cortazar
11012,Guanajuato,Cueramaro
11013,Guanajuato,Doctor Mora
11014,Guanajuato,Dolores Hidalgo
11015,Guanajuato,Guanajuato
11016,Guanajuato,Huanimaro
11017,Guanajuato,Irapuato
11018,Guanajuato,Jaral del Progreso
11019,Guanajuato,Jerecuaro
11020,Guanajuato,Leon
11008,Guanajuato,Manuel Doblado
11021,Guanajuato,Moroleon
11022,Guanajuato,Ocampo
11023,Guanajuato,Penjamo
11025,Guanajuato,Purisima del Rincon
11026,Guanajuato,Romita
11027,Guanajuato,Salamanca
11028,Guanajuato,Salvatierra
11030,Guanajuato,San Felipe
11031,Guanajuato,San Francisco del Rincon
11032,Guanajuato,San Jose Iturbide
11033,Guanajuato,San Luis de la Paz
11003,Guanajuato,San Miguel de Allende
11035,Guanajuato,Santa Cruz de Juventino Rosas
11037,Guanajuato,Silao
11038,Guanajuato,Tarandacuao
11039,Guanajuato,Tarimoro
11041,Guanajuato,Uriangato
11042,Guanajuato,Valle de Santiago
11044,Guanajuato,Villagran
11046,Guanajuato,Yuriria
12001,Guerrero,Acapulco de Juarez
12002,Guerrero,Ahuacuotzingo
12003,Guerrero,Ajuchitlan del Progreso
12004,Guerrero,Alcozauca de Guerrero
12006,Guerrero,Apaxtla
12007,Guerrero,Arcelia
12009,Guerrero,Atlamajalcingo del Monte
12010,Guerrero,Atlixtac
12011,Guerrero,Atoyac de alvarez
12012,Guerrero,Ayutla de los Libres
12013,Guerrero,Azoyu
12014,Guerrero,Benito Juarez
12015,Guerrero,Buenavista de Cuellar
12028,Guerrero,Chilapa de alvarez
12029,Guerrero,Chilpancingo de los Bravo
12016,Guerrero,Coahuayutla de Jose Maria Izazaga
12017,Guerrero,Cocula
12018,Guerrero,Copala
12020,Guerrero,Copanatoyac
12021,Guerrero,Coyuca de Benitez
12022,Guerrero,Coyuca de Catalan
12023,Guerrero,Cuajinicuilapa
12026,Guerrero,Cuetzala del Progreso
12027,Guerrero,Cutzamala de Pinzon
12075,Guerrero,Eduardo Neri
12030,Guerrero,Florencio Villarreal
12031,Guerrero,General Canuto A. Neri
12032,Guerrero,General Heliodoro Castillo
12033,Guerrero,Huamuxtitlan
12034,Guerrero,Huitzuco de los Figueroa
12035,Guerrero,Iguala de la Independencia
12036,Guerrero,Igualapa
12037,Guerrero,Ixcateopan de Cuauhtemoc
12039,Guerrero,Juan R. Escudero
12080,Guerrero,Juchitan
12068,Guerrero,La Union de Isidoro Montes de Oca
12040,Guerrero,Leonardo Bravo
12041,Guerrero,Malinaltepec
12077,Guerrero,Marquelia
12042,Guerrero,Martir de Cuilapan
12043,Guerrero,Metlatonoc
12044,Guerrero,Mochitlan
12999,Guerrero,No especificado
12045,Guerrero,Olinala
12046,Guerrero,Ometepec
12047,Guerrero,Pedro Ascencio Alquisiras
12048,Guerrero,Petatlan
12049,Guerrero,Pilcaya
12050,Guerrero,Pungarabato
12051,Guerrero,Quechultenango
12052,Guerrero,San Luis Acatlan
12053,Guerrero,San Marcos
12054,Guerrero,San Miguel Totolapan
12055,Guerrero,Taxco de Alarcon
12056,Guerrero,Tecoanapa
12057,Guerrero,Tecpan de Galeana
12058,Guerrero,Teloloapan
12059,Guerrero,Tepecoacuilco de Trujano
12060,Guerrero,Tetipac
12061,Guerrero,Tixtla de Guerrero
12062,Guerrero,Tlacoachistlahuaca
12063,Guerrero,Tlacoapa
12064,Guerrero,Tlalchapa
12065,Guerrero,Tlalixtaquilla de Maldonado
12066,Guerrero,Tlapa de Comonfort
12067,Guerrero,Tlapehuala
12071,Guerrero,Xochistlahuaca
12072,Guerrero,Zapotitlan Tablas
12038,Guerrero,Zihuatanejo de Azueta
12073,Guerrero,Zirandaro
12074,Guerrero,Zitlala
13001,Hidalgo,Acatlan
13002,Hidalgo,Acaxochitlan
13003,Hidalgo,Actopan
13006,Hidalgo,Alfajayucan
13008,Hidalgo,Apan
13013,Hidalgo,Atotonilco de Tula
13012,Hidalgo,Atotonilco el Grande
13019,Hidalgo,Chilcuautla
13016,Hidalgo,Cuautepec de Hinojosa
13009,Hidalgo,El Arenal
13022,Hidalgo,Epazoyucan
13024,Hidalgo,Huasca de Ocampo
13028,Hidalgo,Huejutla de Reyes
13030,Hidalgo,Ixmiquilpan
13031,Hidalgo,Jacala de Ledezma
13035,Hidalgo,Metepec
13037,Hidalgo,Metztitlan
13051,Hidalgo,Mineral de la Reforma
13041,Hidalgo,Mixquiahuala de Juarez
13044,Hidalgo,Nopala de Villagran
13048,Hidalgo,Pachuca de Soto
13050,Hidalgo,Progreso de Obregon
13036,Hidalgo,San Agustin Metzquititlan
13053,Hidalgo,San Bartolo Tutotepec
13056,Hidalgo,Santiago Tulantepec de Lugo Guerrero
13057,Hidalgo,Singuilucan
13061,Hidalgo,Tepeapulco
13063,Hidalgo,Tepeji del Rio de Ocampo
13067,Hidalgo,Tezontepec de Aldama
13069,Hidalgo,Tizayuca
13073,Hidalgo,Tlanchinol
13075,Hidalgo,Tolcayuca
13076,Hidalgo,Tula de Allende
13077,Hidalgo,Tulancingo de Bravo
13066,Hidalgo,Villa de Tezontepec
13083,Hidalgo,Zempoala
14002,Jalisco,Acatlan de Juarez
14005,Jalisco,Amatitan
14008,Jalisco,Arandas
14012,Jalisco,Atenguillo
14013,Jalisco,Atotonilco el Alto
14015,Jalisco,Autlan de Navarro
14016,Jalisco,Ayotlan
14020,Jalisco,Cabo Corrientes
14030,Jalisco,Chapala
14031,Jalisco,Chimaltitan
14022,Jalisco,Cihuatlan
14024,Jalisco,Cocula
14025,Jalisco,Colotlan
14027,Jalisco,Cuautitlan de Garcia Barragan
14029,Jalisco,Cuquio
14033,Jalisco,Degollado
14009,Jalisco,El Arenal
14037,Jalisco,El Grullo
14070,Jalisco,El Salto
14079,Jalisco,Gomez Farias
14038,Jalisco,Guachinango
14039,Jalisco,Guadalajara
14040,Jalisco,Hostotipaquillo
14042,Jalisco,Huejuquilla el Alto
14044,Jalisco,Ixtlahuacan de los Membrillos
14045,Jalisco,Ixtlahuacan del Rio
14047,Jalisco,Jamay
14048,Jalisco,Jesus Maria
14049,Jalisco,Jilotlan de los Dolores
14050,Jalisco,Jocotepec
14051,Jalisco,Juanacatlan
14018,Jalisco,La Barca
14043,Jalisco,La Huerta
14057,Jalisco,La Manzanilla de la Paz
14053,Jalisco,Lagos de Moreno
14058,Jalisco,Mascota
14059,Jalisco,Mazamitla
14060,Jalisco,Mexticacan
14061,Jalisco,Mezquitic
14062,Jalisco,Mixtlan
14999,Jalisco,No especificado
14063,Jalisco,Ocotlan
14064,Jalisco,Ojuelos de Jalisco
14065,Jalisco,Pihuamo
14067,Jalisco,Puerto Vallarta
14069,Jalisco,Quitupan
14113,Jalisco,San Gabriel
14125,Jalisco,San Ignacio Cerro Gordo
14007,Jalisco,San Juanito de Escobedo
14074,Jalisco,San Julian
14076,Jalisco,San Martin de Bolaños
14077,Jalisco,San Martin Hidalgo
14078,Jalisco,San Miguel el Alto
14080,Jalisco,San Sebastian del Oeste
14082,Jalisco,Sayula
14083,Jalisco,Tala
14084,Jalisco,Talpa de Allende
14085,Jalisco,Tamazula de Gordiano
14086,Jalisco,Tapalpa
14087,Jalisco,Tecalitlan
14091,Jalisco,Teocaltiche
14092,Jalisco,Teocuitatlan de Corona
14093,Jalisco,Tepatitlan de Morelos
14094,Jalisco,Tequila
14095,Jalisco,Teuchitlan
14096,Jalisco,Tizapan el Alto
14097,Jalisco,Tlajomulco de Zuñiga
14098,Jalisco,Tlaquepaque
14100,Jalisco,Tomatlan
14101,Jalisco,Tonala
14104,Jalisco,Totatiche
14105,Jalisco,Tototlan
14107,Jalisco,Tuxcueca
14108,Jalisco,Tuxpan
14109,Jalisco,Union de San Antonio
14114,Jalisco,Villa Corona
14115,Jalisco,Villa Guerrero
14116,Jalisco,Villa Hidalgo
14068,Jalisco,Villa Purificacion
14118,Jalisco,Yahualica de Gonzalez Gallo
14120,Jalisco,Zapopan
14121,Jalisco,Zapotiltic
14122,Jalisco,Zapotitlan de Vadillo
14123,Jalisco,Zapotlan del Rey
14023,Jalisco,Zapotlan el Grande
14124,Jalisco,Zapotlanejo
15001,Mexico,Acambay
15002,Mexico,Acolman
15005,Mexico,Almoloya de Juarez
15007,Mexico,Amanalco
15008,Mexico,Amatepec
15009,Mexico,Amecameca
15010,Mexico,Apaxco
15011,Mexico,Atenco
15012,Mexico,Atizapan
15013,Mexico,Atizapan de Zaragoza
15015,Mexico,Atlautla
15016,Mexico,Axapusco
15017,Mexico,Ayapango
15018,Mexico,Calimaya
15025,Mexico,Chalco
15028,Mexico,Chiautla
15029,Mexico,Chicoloapan
15031,Mexico,Chimalhuacan
15020,Mexico,Coacalco de Berriozabal
15021,Mexico,Coatepec Harinas
15022,Mexico,Cocotitlan
15023,Mexico,Coyotepec
15024,Mexico,Cuautitlan
15121,Mexico,Cuautitlan Izcalli
15032,Mexico,Donato Guerra
15033,Mexico,Ecatepec de Morelos
15034,Mexico,Ecatzingo
15035,Mexico,Huehuetoca
15037,Mexico,Huixquilucan
15038,Mexico,Isidro Fabela
15039,Mexico,Ixtapaluca
15040,Mexico,Ixtapan de la Sal
15041,Mexico,Ixtapan del Oro
15042,Mexico,Ixtlahuaca
15044,Mexico,Jaltenco
15045,Mexico,Jilotepec
15046,Mexico,Jilotzingo
15047,Mexico,Jiquipilco
15050,Mexico,Juchitepec
15070,Mexico,La Paz
15051,Mexico,Lerma
15123,Mexico,Luvianos
15053,Mexico,Melchor Ocampo
15054,Mexico,Metepec
05019,Mexico,Morelos
15057,Mexico,Naucalpan de Juarez
15059,Mexico,Nextlalpan
15058,Mexico,Nezahualcoyotl
15060,Mexico,Nicolas Romero
15999,Mexico,No especificado
15061,Mexico,Nopaltepec
15062,Mexico,Ocoyoacac
15063,Mexico,Ocuilan
15065,Mexico,Otumba
15067,Mexico,Otzolotepec
15068,Mexico,Ozumba
15072,Mexico,Rayon
15124,Mexico,San Jose del Rincon
15075,Mexico,San Martin de las Piramides
15076,Mexico,San Mateo Atenco
15080,Mexico,Sultepec
15081,Mexico,Tecamac
15082,Mexico,Tejupilco
15084,Mexico,Temascalapa
15086,Mexico,Temascaltepec
15087,Mexico,Temoaya
15088,Mexico,Tenancingo
15089,Mexico,Tenango del Aire
15090,Mexico,Tenango del Valle
15091,Mexico,Teoloyucan
15092,Mexico,Teotihuacan
15093,Mexico,Tepetlaoxtoc
15094,Mexico,Tepetlixpa
15095,Mexico,Tepotzotlan
15096,Mexico,Tequixquiac
15097,Mexico,Texcaltitlan
15099,Mexico,Texcoco
15100,Mexico,Tezoyuca
15101,Mexico,Tianguistenco
15103,Mexico,Tlalmanalco
15104,Mexico,Tlalnepantla de Baz
15105,Mexico,Tlatlaya
15106,Mexico,Toluca
15107,Mexico,Tonatico
15108,Mexico,Tultepec
15109,Mexico,Tultitlan
15110,Mexico,Valle de Bravo
15122,Mexico,Valle de Chalco Solidaridad
15112,Mexico,Villa del Carbon
15113,Mexico,Villa Guerrero
15114,Mexico,Villa Victoria
15043,Mexico,Xalatlaco
15116,Mexico,Zacazonapan
15117,Mexico,Zacualpan
15118,Mexico,Zinacantepec
15119,Mexico,Zumpahuacan
15120,Mexico,Zumpango
16001,Michoacan,Acuitzio
16002,Michoacan,Aguililla
16003,Michoacan,alvaro Obregon
16006,Michoacan,Apatzingan
16007,Michoacan,Aporo
16008,Michoacan,Aquila
16009,Michoacan,Ario
16010,Michoacan,Arteaga
16011,Michoacan,Briseñas
16012,Michoacan,Buenavista
16013,Michoacan,Caracuaro
16021,Michoacan,Charapan
16022,Michoacan,Charo
16024,Michoacan,Cheran
16025,Michoacan,Chilchota
16026,Michoacan,Chinicuila
16027,Michoacan,Chucandiro
16029,Michoacan,Churumuco
16014,Michoacan,Coahuayana
16015,Michoacan,Coalcoman de Vazquez Pallares
16074,Michoacan,Cojumatlan de Regules
16017,Michoacan,Contepec
16018,Michoacan,Copandaro
16019,Michoacan,Cotija
16020,Michoacan,Cuitzeo
16030,Michoacan,Ecuandureo
16031,Michoacan,Epitacio Huerta
16033,Michoacan,Gabriel Zamora
16034,Michoacan,Hidalgo
16037,Michoacan,Huaniqueo
16038,Michoacan,Huetamo
16039,Michoacan,Huiramba
16040,Michoacan,Indaparapeo
16042,Michoacan,Ixtlan
16043,Michoacan,Jacona
16044,Michoacan,Jimenez
16045,Michoacan,Jiquilpan
16113,Michoacan,Jose Sixto Verduzco
16046,Michoacan,Juarez
16047,Michoacan,Jungapeo
16035,Michoacan,La Huacana
16069,Michoacan,La Piedad
16048,Michoacan,Lagunillas
16052,Michoacan,Lazaro Cardenas
16075,Michoacan,Los Reyes
16049,Michoacan,Madero
16050,Michoacan,Maravatio
16051,Michoacan,Marcos Castellanos
16053,Michoacan,Morelia
16055,Michoacan,Mugica
16056,Michoacan,Nahuatzen
16999,Michoacan,No especificado
16058,Michoacan,Nuevo Parangaricutiro
16059,Michoacan,Nuevo Urecho
16060,Michoacan,Numaran
16061,Michoacan,Ocampo
16062,Michoacan,Pajacuaran
16063,Michoacan,Panindicuaro
16065,Michoacan,Paracho
16064,Michoacan,Paracuaro
16066,Michoacan,Patzcuaro
16067,Michoacan,Penjamillo
16068,Michoacan,Periban
16070,Michoacan,Purepero
16071,Michoacan,Puruandiro
16073,Michoacan,Quiroga
16076,Michoacan,Sahuayo
16079,Michoacan,Salvador Escalante
16077,Michoacan,San Lucas
16078,Michoacan,Santa Ana Maya
16080,Michoacan,Senguio
16082,Michoacan,Tacambaro
16083,Michoacan,Tancitaro
16084,Michoacan,Tangamandapio
16085,Michoacan,Tangancicuaro
16086,Michoacan,Tanhuato
16087,Michoacan,Taretan
16088,Michoacan,Tarimbaro
16089,Michoacan,Tepalcatepec
16090,Michoacan,Tingambato
16091,Michoacan,Tingüindin
16092,Michoacan,Tiquicheo de Nicolas Romero
16094,Michoacan,Tlazazalca
16095,Michoacan,Tocumbo
16096,Michoacan,Tumbiscatio
16097,Michoacan,Turicato
16099,Michoacan,Tuzantla
16101,Michoacan,Tzitzio
16102,Michoacan,Uruapan
16103,Michoacan,Venustiano Carranza
16104,Michoacan,Villamar
16105,Michoacan,Vista Hermosa
16106,Michoacan,Yurecuaro
16107,Michoacan,Zacapu
16108,Michoacan,Zamora
16109,Michoacan,Zinaparo
16110,Michoacan,Zinapecuaro
16111,Michoacan,Ziracuaretiro
16112,Michoacan,Zitacuaro
17001,Morelos,Amacuzac
17002,Morelos,Atlatlahucan
17004,Morelos,Ayala
17005,Morelos,Coatlan del Rio
17006,Morelos,Cuautla
17007,Morelos,Cuernavaca
17008,Morelos,Emiliano Zapata
17009,Morelos,Huitzilac
17010,Morelos,Jantetelco
17011,Morelos,Jiutepec
17012,Morelos,Jojutla
17013,Morelos,Jonacatepec
17014,Morelos,Mazatepec
17015,Morelos,Miacatlan
17999,Morelos,No especificado
17017,Morelos,Puente de Ixtla
17018,Morelos,Temixco
17033,Morelos,Temoac
17019,Morelos,Tepalcingo
17020,Morelos,Tepoztlan
17021,Morelos,Tetecala
17022,Morelos,Tetela del Volcan
17023,Morelos,Tlalnepantla
17024,Morelos,Tlaltizapan
17025,Morelos,Tlaquiltenango
17026,Morelos,Tlayacapan
17027,Morelos,Totolapan
17028,Morelos,Xochitepec
17029,Morelos,Yautepec
17030,Morelos,Yecapixtla
17031,Morelos,Zacatepec
18001,Nayarit,Acaponeta
18020,Nayarit,Bahia de Banderas
18004,Nayarit,Compostela
18009,Nayarit,Del Nayar
18006,Nayarit,Ixtlan del Rio
18007,Nayarit,Jala
18019,Nayarit,La Yesca
18010,Nayarit,Rosamorada
18011,Nayarit,Ruiz
18012,Nayarit,San Blas
18014,Nayarit,Santa Maria del Oro
18015,Nayarit,Santiago Ixcuintla
18016,Nayarit,Tecuala
18017,Nayarit,Tepic
18018,Nayarit,Tuxpan
18008,Nayarit,Xalisco
19004,Nuevo Leon,Allende
19006,Nuevo Leon,Apodaca
19009,Nuevo Leon,Cadereyta Jimenez
19011,Nuevo Leon,Cerralvo
19013,Nuevo Leon,China
19012,Nuevo Leon,Cienega de Flores
19015,Nuevo Leon,Doctor Coss
19017,Nuevo Leon,Galeana
19018,Nuevo Leon,Garcia
19020,Nuevo Leon,General Bravo
19021,Nuevo Leon,General Escobedo
19022,Nuevo Leon,General Teran
19023,Nuevo Leon,General Treviño
19026,Nuevo Leon,Guadalupe
19047,Nuevo Leon,Hidalgo
19029,Nuevo Leon,Hualahuises
19031,Nuevo Leon,Juarez
19033,Nuevo Leon,Linares
19003,Nuevo Leon,Los Aldamas
19027,Nuevo Leon,Los Herreras
19042,Nuevo Leon,Los Ramones
19034,Nuevo Leon,Marin
19038,Nuevo Leon,Montemorelos
19039,Nuevo Leon,Monterrey
19999,Nuevo Leon,No especificado
19041,Nuevo Leon,Pesqueria
19044,Nuevo Leon,Sabinas Hidalgo
19045,Nuevo Leon,Salinas Victoria
19046,Nuevo Leon,San Nicolas de los Garza
19019,Nuevo Leon,San Pedro Garza Garcia
19048,Nuevo Leon,Santa Catarina
19049,Nuevo Leon,Santiago
19050,Nuevo Leon,Vallecillo
20002,Oaxaca,Acatlan de Perez Figueroa
20174,Oaxaca,animas Trujano
20005,Oaxaca,Asuncion Ixtaltepec
20014,Oaxaca,Ciudad Ixtepec
20020,Oaxaca,Constancia del Rosario
20021,Oaxaca,Cosolapa
20030,Oaxaca,El Espinal
20028,Oaxaca,Heroica Ciudad de Ejutla de Crespo
20039,Oaxaca,Heroica Ciudad de Huajuapan de Leon
20397,Oaxaca,Heroica Ciudad de Tlaxiaco
20043,Oaxaca,Juchitan de Zaragoza
20044,Oaxaca,Loma Bonita
20045,Oaxaca,Magdalena Apasco
20055,Oaxaca,Mariscala de Juarez
20056,Oaxaca,Martires de Tacubaya
20057,Oaxaca,Matias Romero Avendaño
20059,Oaxaca,Miahuatlan de Porfirio Diaz
20999,Oaxaca,No especificado
20067,Oaxaca,Oaxaca de Juarez
20068,Oaxaca,Ocotlan de Morelos
20073,Oaxaca,Putla Villa de Guerrero
20077,Oaxaca,Reyes Etla
20079,Oaxaca,Salina Cruz
20081,Oaxaca,San Agustin Atenango
20085,Oaxaca,San Agustin Loxicha
20090,Oaxaca,San Andres Huaxpaltepec
20091,Oaxaca,San Andres Huayapam
20092,Oaxaca,San Andres Ixtlahuaca
20103,Oaxaca,San Antonino Castillo Velasco
20107,Oaxaca,San Antonio de la Cal
20113,Oaxaca,San Baltazar Loxicha
20115,Oaxaca,San Bartolo Coyotepec
20117,Oaxaca,San Bartolome Loxicha
20130,Oaxaca,San Dionisio del Mar
20143,Oaxaca,San Francisco Ixhuatan
20145,Oaxaca,San Francisco Lachigolo
20150,Oaxaca,San Francisco Telixtlahuaca
20157,Oaxaca,San Jacinto Amilpas
20160,Oaxaca,San Jeronimo Silacayoapilla
20175,Oaxaca,San Juan Bautista Atatlahuca
20180,Oaxaca,San Juan Bautista Lo de Soto
20184,Oaxaca,San Juan Bautista Tuxtepec
20185,Oaxaca,San Juan Cacahuatepec
20198,Oaxaca,San Juan Guichicovi
20200,Oaxaca,San Juan Juquila Mixes
20207,Oaxaca,San Juan Mazatlan
20225,Oaxaca,San Lorenzo
20227,Oaxaca,San Lorenzo Cacaotepec
20237,Oaxaca,San Marcos Arteaga
20278,Oaxaca,San Miguel Soyaltepec
20291,Oaxaca,San Pablo Coatlan
20293,Oaxaca,San Pablo Etla
20302,Oaxaca,San Pedro Atoyac
20310,Oaxaca,San Pedro Ixtlahuaca
20312,Oaxaca,San Pedro Jicayan
20318,Oaxaca,San Pedro Mixtepec -Dto. 22 -
20324,Oaxaca,San Pedro Pochutla
20327,Oaxaca,San Pedro Tapanatepec
20332,Oaxaca,San Pedro Topiltepec
20340,Oaxaca,San Pedro y San Pablo Tequixtepec
20342,Oaxaca,San Raymundo Jalpan
20364,Oaxaca,Santa Catarina Juquila
20381,Oaxaca,Santa Cruz Tacache de Mina
20385,Oaxaca,Santa Cruz Xoxocotlan
20399,Oaxaca,Santa Maria Atzompa
20401,Oaxaca,Santa Maria Colotepec
20409,Oaxaca,Santa Maria del Tule
20413,Oaxaca,Santa Maria Huatulco
20414,Oaxaca,Santa Maria Huazolotitlan
20418,Oaxaca,Santa Maria Jalapa del Marques
20421,Oaxaca,Santa Maria Mixtequilla
20427,Oaxaca,Santa Maria Petapa
20429,Oaxaca,Santa Maria Sola
20439,Oaxaca,Santa Maria Tonameca
20441,Oaxaca,Santa Maria Xadani
20447,Oaxaca,Santa Maria Zacatepec
20449,Oaxaca,Santa Maria Zoquitlan
20466,Oaxaca,Santiago Ixtayutla
20467,Oaxaca,Santiago Jamiltepec
20469,Oaxaca,Santiago Juxtlahuaca
20472,Oaxaca,Santiago Laollaga
20482,Oaxaca,Santiago Pinotepa Nacional
20483,Oaxaca,Santiago Suchilquitongo
20489,Oaxaca,Santiago Tetepec
20492,Oaxaca,Santiago Tilantongo
20506,Oaxaca,Santo Domingo Albarradas
20509,Oaxaca,Santo Domingo de Morelos
20515,Oaxaca,Santo Domingo Tehuantepec
20530,Oaxaca,Santo Tomas Jalieza
20526,Oaxaca,Santos Reyes Nopala
20537,Oaxaca,Silacayoapam
20541,Oaxaca,Tanetze de Zaragoza
20551,Oaxaca,Tlacolula de Matamoros
20553,Oaxaca,Tlalixtac de Cabrera
20338,Oaxaca,Villa de Etla
20334,Oaxaca,Villa de Tututepec de Melchor Ocampo
20567,Oaxaca,Zapotitlan Lagunas
20570,Oaxaca,Zimatlan de alvarez
21001,Puebla,Acajete
21003,Puebla,Acatlan
21004,Puebla,Acatzingo
21015,Puebla,Amozoc
21019,Puebla,Atlixco
21047,Puebla,Chiautla
21048,Puebla,Chiautzingo
21049,Puebla,Chiconcuautla
21051,Puebla,Chietla
21052,Puebla,Chigmecatitlan
21033,Puebla,Cohuecan
21071,Puebla,Huauchinango
21085,Puebla,Izucar de Matamoros
21086,Puebla,Jalpan
21090,Puebla,Juan C. Bonilla
21103,Puebla,Nicolas Bravo
21999,Puebla,No especificado
21106,Puebla,Ocoyucan
21111,Puebla,Pantepec
21112,Puebla,Petlalcingo
21114,Puebla,Puebla
21115,Puebla,Quecholac
21119,Puebla,San Andres Cholula
21132,Puebla,San Martin Texmelucan
21134,Puebla,San Matias Tlalancaleca
21136,Puebla,San Miguel Xoxtla
21140,Puebla,San Pedro Cholula
21148,Puebla,Santa Isabel Cholula
21156,Puebla,Tehuacan
21164,Puebla,Tepeaca
21170,Puebla,Tepeyahualco
21174,Puebla,Teziutlan
21194,Puebla,Venustiano Carranza
21197,Puebla,Xicotepec
21201,Puebla,Xochiltepec
21213,Puebla,Zihuateutla
22001,Queretaro,Amealco de Bonfil
22006,Queretaro,Corregidora
22011,Queretaro,El Marques
22009,Queretaro,Jalpan de Serra
22014,Queretaro,Queretaro
22016,Queretaro,San Juan del Rio
22017,Queretaro,Tequisquiapan
22018,Queretaro,Toliman
23005,Quintana Roo,Benito Juarez
23001,Quintana Roo,Cozumel
23003,Quintana Roo,Isla Mujeres
23999,Quintana Roo,No especificado
23004,Quintana Roo,Othon P. Blanco
23008,Quintana Roo,Solidaridad
23009,Quintana Roo,Tulum
24003,San Luis Potosi,Aquismon
24010,San Luis Potosi,Ciudad del Maiz
24011,San Luis Potosi,Ciudad Fernandez
24013,San Luis Potosi,Ciudad Valles
24016,San Luis Potosi,ebano
24058,San Luis Potosi,El Naranjo
24017,San Luis Potosi,Guadalcazar
24020,San Luis Potosi,Matehuala
24021,San Luis Potosi,Mexquitic de Carmona
24024,San Luis Potosi,Rioverde
24028,San Luis Potosi,San Luis Potosi
24032,San Luis Potosi,Santa Maria del Rio
24035,San Luis Potosi,Soledad de Graciano Sanchez
24036,San Luis Potosi,Tamasopo
24037,San Luis Potosi,Tamazunchale
24039,San Luis Potosi,Tampamolon Corona
24040,San Luis Potosi,Tamuin
24012,San Luis Potosi,Tancanhuitz
24042,San Luis Potosi,Tanquian de Escobedo
24046,San Luis Potosi,Villa de Arriaga
24049,San Luis Potosi,Villa de Ramos
24050,San Luis Potosi,Villa de Reyes
24055,San Luis Potosi,Zaragoza
25001,Sinaloa,Ahome
25002,Sinaloa,Angostura
25003,Sinaloa,Badiraguato
25007,Sinaloa,Choix
25004,Sinaloa,Concordia
25005,Sinaloa,Cosala
25006,Sinaloa,Culiacan
25010,Sinaloa,El Fuerte
25008,Sinaloa,Elota
25009,Sinaloa,Escuinapa
25011,Sinaloa,Guasave
25012,Sinaloa,Mazatlan
25013,Sinaloa,Mocorito
25018,Sinaloa,Navolato
25999,Sinaloa,No especificado
25014,Sinaloa,Rosario
25015,Sinaloa,Salvador Alvarado
25016,Sinaloa,San Ignacio
25017,Sinaloa,Sinaloa
26002,Sonora,Agua Prieta
26003,Sonora,alamos
26004,Sonora,Altar
26006,Sonora,Arizpe
26007,Sonora,Atil
26009,Sonora,Bacanora
26012,Sonora,Bacum
26014,Sonora,Baviacora
26071,Sonora,Benito Juarez
26017,Sonora,Caborca
26018,Sonora,Cajeme
26019,Sonora,Cananea
26022,Sonora,Cucurpe
26024,Sonora,Divisaderos
26025,Sonora,Empalme
26026,Sonora,Etchojoa
26027,Sonora,Fronteras
26070,Sonora,General Plutarco Elias Calles
26029,Sonora,Guaymas
26030,Sonora,Hermosillo
26031,Sonora,Huachinera
26033,Sonora,Huatabampo
26035,Sonora,Imuris
26021,Sonora,La Colorada
26036,Sonora,Magdalena
26039,Sonora,Naco
26042,Sonora,Navojoa
26999,Sonora,No especificado
26043,Sonora,Nogales
26044,Sonora,Onavas
26047,Sonora,Pitiquito
26048,Sonora,Puerto Peñasco
26049,Sonora,Quiriego
26051,Sonora,Rosario
26052,Sonora,Sahuaripa
26072,Sonora,San Ignacio Rio Muerto
26055,Sonora,San Luis Rio Colorado
26058,Sonora,Santa Ana
26059,Sonora,Santa Cruz
26060,Sonora,Saric
26064,Sonora,Trincheras
26065,Sonora,Tubutama
26069,Sonora,Yecora
27001,Tabasco,Balancan
27002,Tabasco,Cardenas
27003,Tabasco,Centla
27004,Tabasco,Centro
27005,Tabasco,Comalcalco
27006,Tabasco,Cunduacan
27007,Tabasco,Emiliano Zapata
27008,Tabasco,Huimanguillo
27009,Tabasco,Jalapa
27010,Tabasco,Jalpa de Mendez
27012,Tabasco,Macuspana
27013,Tabasco,Nacajuca
27999,Tabasco,No especificado
27014,Tabasco,Paraiso
27017,Tabasco,Tenosique
28001,Tamaulipas,Abasolo
28003,Tamaulipas,Altamira
28005,Tamaulipas,Burgos
28007,Tamaulipas,Camargo
28008,Tamaulipas,Casas
28009,Tamaulipas,Ciudad Madero
28010,Tamaulipas,Cruillas
28021,Tamaulipas,El Mante
28012,Tamaulipas,Gonzalez
28013,Tamaulipas,Güemez
28014,Tamaulipas,Guerrero
28015,Tamaulipas,Gustavo Diaz Ordaz
28016,Tamaulipas,Hidalgo
28017,Tamaulipas,Jaumave
28018,Tamaulipas,Jimenez
28019,Tamaulipas,Llera
28022,Tamaulipas,Matamoros
28023,Tamaulipas,Mendez
28024,Tamaulipas,Mier
28025,Tamaulipas,Miguel Aleman
07999,Tamaulipas,No especificado
28027,Tamaulipas,Nuevo Laredo
28029,Tamaulipas,Ocampo
28030,Tamaulipas,Padilla
28032,Tamaulipas,Reynosa
28033,Tamaulipas,Rio Bravo
28035,Tamaulipas,San Fernando
28037,Tamaulipas,Soto la Marina
28038,Tamaulipas,Tampico
28040,Tamaulipas,Valle Hermoso
28041,Tamaulipas,Victoria
28043,Tamaulipas,Xicotencatl
29004,Tlaxcala,Atltzayanca
29007,Tlaxcala,El Carmen Tequexquitla
29015,Tlaxcala,Ixtacuixtla de Mariano Matamoros
29011,Tlaxcala,Muñoz de Domingo Arenas
29025,Tlaxcala,San Pablo del Monte
29033,Tlaxcala,Tlaxcala
29034,Tlaxcala,Tlaxco
30003,Veracruz,Acayucan
30006,Veracruz,Acultzingo
30204,Veracruz,Agua Dulce
30160,Veracruz,alamo Temapache
30010,Veracruz,Altotonga
30011,Veracruz,Alvarado
30012,Veracruz,Amatitlan
30014,Veracruz,Amatlan de los Reyes
30021,Veracruz,Atoyac
30023,Veracruz,Atzalan
30026,Veracruz,Banderilla
30028,Veracruz,Boca del Rio
30208,Veracruz,Carlos A. Carrillo
30031,Veracruz,Carrillo Puerto
30032,Veracruz,Catemaco
30055,Veracruz,Chalma
30038,Veracruz,Coatepec
30039,Veracruz,Coatzacoalcos
30044,Veracruz,Cordoba
30045,Veracruz,Cosamaloapan de Carpio
30047,Veracruz,Coscomatepec
30048,Veracruz,Cosoleacaque
30052,Veracruz,Cuichapa
30053,Veracruz,Cuitlahuac
30065,Veracruz,Emiliano Zapata
30066,Veracruz,Espinal
30071,Veracruz,Huatusco
30073,Veracruz,Hueyapan de Ocampo
30076,Veracruz,Ilamatlan
30077,Veracruz,Isla
30083,Veracruz,Ixhuatlan de Madero
30085,Veracruz,Ixtaczoquitlan
30086,Veracruz,Jalacingo
30088,Veracruz,Jalcomulco
30089,Veracruz,Jaltipan
30090,Veracruz,Jamapa
30091,Veracruz,Jesus Carranza
30169,Veracruz,Jose Azueta
30094,Veracruz,Juan Rodriguez Clara
30016,Veracruz,La Antigua
30127,Veracruz,La Perla
30061,Veracruz,Las Choapas
30132,Veracruz,Las Vigas de Ramirez
30097,Veracruz,Lerdo de Tejada
30098,Veracruz,Magdalena
30100,Veracruz,Manlio Fabio Altamirano
30102,Veracruz,Martinez de la Torre
30105,Veracruz,Medellin
30108,Veracruz,Minatitlan
30109,Veracruz,Misantla
30111,Veracruz,Moloacan
30206,Veracruz,Nanchital de Lazaro Cardenas del Rio
30999,Veracruz,No especificado
30119,Veracruz,Otatitlan
30123,Veracruz,Panuco
30124,Veracruz,Papantla
30125,Veracruz,Paso del Macho
30128,Veracruz,Perote
30130,Veracruz,Playa Vicente
30131,Veracruz,Poza Rica de Hidalgo
30133,Veracruz,Pueblo Viejo
30134,Veracruz,Puente Nacional
30140,Veracruz,San Andres Tenejapan
30141,Veracruz,San Andres Tuxtla
30142,Veracruz,San Juan Evangelista
30212,Veracruz,Santiago Sochiapan
30143,Veracruz,Santiago Tuxtla
30144,Veracruz,Sayula de Aleman
30145,Veracruz,Soconusco
30148,Veracruz,Soledad de Doblado
30151,Veracruz,Tamiahua
30152,Veracruz,Tampico Alto
30155,Veracruz,Tantoyuca
30161,Veracruz,Tempoal
30173,Veracruz,Tezonapa
30174,Veracruz,Tierra Blanca
30175,Veracruz,Tihuatlan
30176,Veracruz,Tlacojalpan
30178,Veracruz,Tlacotalpan
30181,Veracruz,Tlalixcoyan
30207,Veracruz,Tres Valles
30189,Veracruz,Tuxpan
30192,Veracruz,Vega de Alatorre
30193,Veracruz,Veracruz
30087,Veracruz,Xalapa
30196,Veracruz,Yanga
30200,Veracruz,Zentla
31050,Yucatan,Merida
31053,Yucatan,Muna
31102,Yucatan,Valladolid
32004,Zacatecas,Benito Juarez
32005,Zacatecas,Calera
32009,Zacatecas,Chalchihuites
32010,Zacatecas,Fresnillo
32014,Zacatecas,General Francisco R. Murguia
32017,Zacatecas,Guadalupe
32019,Zacatecas,Jalpa
32020,Zacatecas,Jerez
32022,Zacatecas,Juan Aldama
32028,Zacatecas,Mezquital del Oro
32034,Zacatecas,Nochistlan de Mejia
32037,Zacatecas,Panuco
32039,Zacatecas,Rio Grande
32042,Zacatecas,Sombrerete
32044,Zacatecas,Tabasco
32048,Zacatecas,Tlaltenango de Sanchez Roman
32057,Zacatecas,Trancoso
32011,Zacatecas,Trinidad Garcia de la Cadena
32049,Zacatecas,Valparaiso
32053,Zacatecas,Villa Gonzalez Ortega
32055,Zacatecas,Villanueva
32056,Zacatecas,Zacatecas
